{"cameraMode":{"drawMode":0,"name":"Shaded","section":"Shading Mode"},"sceneLighting":false,"audioPlay":false,"sceneViewState":{"showFog":true,"showMaterialUpdate":false,"showSkybox":true,"showFlares":true,"showImageEffects":true,"showParticleSystems":true},"in2DMode":false,"pivot":{"x":3.017122983932495,"y":0.07174962759017945,"z":-1.6241741180419922},"rotation":{"x":0.7092241048812866,"y":0.0010575599735602737,"z":-0.0010639142710715533,"w":0.7049815654754639},"size":2.6570074558258058,"orthographic":false}